

{
  "version": 1,
  "state": {
    "lastNodeId": 5,
    "lastLinkId": 4,
    "lastGroupid": 0,
    "lastRerouteId": 0
  },
  "nodes": [
    {
      "id": 1,
      "type": "LoadImage",
      "pos": [40, 40],
      "size": [100, 60],
      "flags": {},
      "order": 0,
      "mode": 0,
      "properties": {
        "Node name for S&R": "Load Image"
      },
      "widgets_values": ["input_image_path.jpg"],
      "inputs": [],
      "outputs": [
        {
          "name": "image",
          "type": "IMAGE",
          "links": [1]
        }
      ]
    },
    {
      "id": 2,
      "type": "CLIPTextEncode",
      "pos": [40, 160],
      "size": [100, 60],
      "flags": {},
      "order": 1,
      "mode": 0,
      "properties": {
        "Node name for S&R": "CLIP Text Encode"
      },
      "widgets_values": ["a young person"],
      "inputs": [],
      "outputs": [
        {
          "name": "embedding",
          "type": "EMBEDDING",
          "links": [2]
        }
      ]
    },
    {
      "id": 3,
      "type": "IPAdapter",
      "pos": [220, 40],
      "size": [100, 60],
      "flags": {},
      "order": 2,
      "mode": 0,
      "properties": {
        "Node name for S&R": "IPAdapter"
      },
      "widgets_values": [1.0, 0.2],
      "inputs": [
        {
          "name": "image",
          "type": "IMAGE",
          "link": 1
        },
        {
          "name": "embedding",
          "type": "EMBEDDING",
          "link": 2
        }
      ],
      "outputs": [
        {
          "name": "adapted_latent",
          "type": "LATENT",
          "links": [3]
        }
      ]
    },
    {
      "id": 4,
      "type": "VAEDecode",
      "pos": [400, 40],
      "size": [100, 60],
      "flags": {},
      "order": 3,
      "mode": 0,
      "properties": {
        "Node name for S&R": "VAE Decode"
      },
      "widgets_values": [],
      "inputs": [
        {
          "name": "latent",
          "type": "LATENT",
          "link": 3
        }
      ],
      "outputs": [
        {
          "name": "image",
          "type": "IMAGE",
          "links": []
        }
      ]
    }
  ],
  "links": [
    {
      "id": 1,
      "origin_id": 1,
      "origin_slot": 0,
      "target_id": 3,
      "target_slot": 0,
      "type": "IMAGE"
    },
    {
      "id": 2,
      "origin_id": 2,
      "origin_slot": 0,
      "target_id": 3,
      "target_slot": 1,
      "type": "EMBEDDING"
    },
    {
      "id": 3,
      "origin_id": 3,
      "origin_slot": 0,
      "target_id": 4,
      "target_slot": 0,
      "type": "LATENT"
    }
  ]
}